month,Mkt-RF,SMB,HML,RMW,CMA,mom,Quality,BAB,RF
196307,-0.39,-0.41,-0.97,0.68,-1.18,0.9,0.684436194,0.542285495,0.27
196308,5.07,-0.8,1.8,0.36,-0.35,1.01,-0.9914621,-1.465830219,0.25
196309,-1.57,-0.52,0.13,-0.71,0.29,0.19,0.623597154,0.798651057,0.27
196310,2.53,-1.39,-0.1,2.8,-2.01,3.12,2.001581951,-2.165605282,0.29
196311,-0.85,-0.88,1.75,-0.51,2.24,-0.74,-0.862888242,-0.789820304,0.27
196312,1.83,-2.1,-0.02,0.03,-0.07,1.75,0.317778449,-0.277115507,0.29
196401,2.24,0.13,1.48,0.17,1.47,0.86,0.480655593,0.312817006,0.3
196402,1.54,0.28,2.81,-0.05,0.91,0.26,-0.439578296,-0.761539108,0.26
196403,1.41,1.23,3.4,-2.21,3.22,0.75,-1.460262414,-0.498250649,0.31
196404,0.1,-1.52,-0.67,-1.27,-1.08,-0.58,1.443069562,2.235903893,0.29
196405,1.42,-0.63,1.86,-0.16,0.17,2.57,-0.011122548,0.260341133,0.26
196406,1.27,0.29,0.62,-0.28,-0.17,0.46,-0.308866121,0.486500166,0.3
196407,1.74,0.5,0.75,0.08,1.91,-0.35,0.687090372,1.86441241,0.3
196408,-1.44,0.41,0.08,0.12,0.35,-0.22,-0.061833952,0.657714229,0.28
196409,2.69,-0.34,1.7,-0.56,0.62,-0.41,-0.271663921,-2.119643727,0.28
196410,0.59,0.87,1.17,-0.43,0.47,0.08,-0.537737379,0.326234382,0.29
196411,0,-0.15,-1.96,0.63,-0.26,1.03,0.57299278,1.702960292,0.29
196412,0.03,-0.69,-2.48,1.07,-1.5,-0.74,0.684925187,-0.343566176,0.31
196501,3.54,2.44,0.12,0.91,0.1,-1.44,-0.741667561,-0.217822676,0.28
196502,0.44,3.31,0.11,0.23,-0.68,0.32,-1.179361028,-0.387994261,0.3
196503,-1.34,2.12,1.03,-0.32,0.69,0.15,-0.401137454,-0.825641207,0.36
196504,3.11,1.05,0.66,0.3,-2.2,2.63,-0.623770229,-0.753026601,0.31
196505,-0.77,0.1,-1.61,-0.45,0.53,0.6,-0.033971725,-0.323062729,0.31
196506,-5.51,-4.28,0.59,0.22,0.37,-3.13,1.218535414,-0.271274448,0.35
196507,1.43,1.08,2.2,-1.37,0.03,4.1,-0.695926425,-1.271776685,0.31
196508,2.73,2.71,-1,1.9,-0.74,2.58,-0.677235552,-2.273938315,0.33
196509,2.86,0.62,-0.13,-0.89,0.8,3.3,-0.16017426,-1.568523424,0.31
196510,2.6,3.47,1.56,1.17,-0.65,3.46,0.052886373,-2.051227388,0.31
196511,-0.03,5.19,0.15,-1.01,-0.94,4.45,-1.176904648,-2.411842103,0.35
196512,1.01,2.66,2.03,-1.14,-0.53,0.12,-1.135493496,-0.437659249,0.33
196601,0.72,4.68,3.56,-2.82,-0.11,5.39,0.092631271,0.972845489,0.38
196602,-1.21,4.71,0.33,-0.17,-1.49,4.57,-1.805885604,-2.046873417,0.35
196603,-2.51,0.32,-1.98,1.3,0.06,1.42,-0.24896425,-0.008781132,0.38
196604,2.14,3.35,-0.46,0.39,-0.95,6.28,-0.616031245,-1.438118307,0.34
196605,-5.66,-5.1,-1.63,1.64,-1.52,-4.7,2.799710849,-0.395732234,0.41
196606,-1.44,1.37,0.5,0.15,0.78,3.25,-1.191435329,-1.745848191,0.38
196607,-1.63,-0.41,0.95,-0.36,1.79,-1.34,0.751371928,-0.366511378,0.35
196608,-7.91,-3.12,0.43,-0.09,0.8,-2.14,1.704913517,-3.410515199,0.41
196609,-1.06,-1.14,0.56,-1.68,2.37,-1.84,0.511079644,0.8579034,0.4
196610,3.86,-6.45,2.69,-3.48,4.25,-5.26,-0.360149702,1.692210342,0.45
196611,1.4,3.34,-4.69,4.13,-6.62,5.72,0.362078406,-5.692544312,0.4
196612,0.13,2.02,-1.19,0.7,-0.34,1.06,-1.27204971,-1.144980202,0.4
196701,8.15,9.1,2.27,0.96,-3.16,-6.93,-3.385812743,0.969194477,0.43
196702,0.78,3.06,-2.22,1.99,-0.99,3.52,-0.669415487,2.257220066,0.36
196703,3.99,1.87,0.37,0.86,-1.6,1.53,-0.6887627,0.416739781,0.39
196704,3.89,0.43,-2.48,2.33,-3.67,0.59,2.730439596,1.386213989,0.32
196705,-4.33,2.29,1.09,-1.73,1.73,0.72,0.805264797,1.67809638,0.33
196706,2.41,6.43,0.85,-0.62,-2.42,6,-0.918980386,-1.904366316,0.27
196707,4.58,3.54,2.73,0.48,2.7,-1.07,0.366115833,4.249788926,0.31
196708,-0.89,0.72,1.44,0.3,1.45,-1.38,0.50234977,1.956102687,0.31
196709,3.11,2.44,-2.5,0.2,-0.95,2.52,1.346718742,1.809920878,0.32
196710,-3.09,0.53,-3.3,1.01,-2.62,3.67,1.052891025,-0.42654961,0.39
196711,0.37,-0.04,-1.7,1.34,-2.34,1.26,-0.083774009,-1.111137317,0.36
196712,3.05,5.75,-0.53,-0.81,0.13,3.25,-1.618151768,-0.13370684,0.33
196801,-4.06,4.51,4.8,-4.62,6.46,-4.7,-0.357892375,5.89245381,0.4
196802,-3.75,-2.91,1.28,-0.16,2.45,-3.43,2.056341915,1.740761571,0.39
196803,0.2,-1.59,-0.59,1.05,-1.1,3.23,0.164935917,-1.964106957,0.38
196804,9.05,6.18,-1.13,2.69,-3.65,5.09,-2.010790591,-0.260486123,0.43
196805,2.28,7,0.85,0.43,-1.92,3.8,-0.388798486,1.363854879,0.45
196806,0.69,-0.28,0.73,-1.41,2.76,-1.9,-0.436122249,6.462706472,0.43
196807,-2.72,-1.41,5.39,-3.13,3.72,-0.88,1.280087424,1.994871913,0.48
196808,1.34,2.27,1.01,-0.7,0.48,1.89,-0.41196941,-0.273800215,0.42
196809,4.03,2.81,0.3,-1.99,0.87,-0.65,-3.188301546,0.28084155,0.43
196810,0.42,-0.42,2.86,-1.32,2.7,-1.46,-0.009321472,2.780959274,0.44
196811,5.43,2.39,-0.92,0.43,-2.43,1.75,-1.4073137,2.150838404,0.42
196812,-3.94,3.52,-0.01,-1.86,1.76,-0.01,-0.281150694,0.615095688,0.43
196901,-1.25,-0.44,1.67,-1.55,1.38,-0.17,-0.567672355,0.157733671,0.53
196902,-5.84,-4.16,0.91,2.07,0.83,-2.36,4.177811511,-0.767086839,0.46
196903,2.64,-0.45,-0.51,-1.43,-0.35,3.97,0.165991991,-2.224079094,0.46
196904,1.46,-0.8,-0.03,0.41,0.06,1.13,0.721215263,-1.013087514,0.53
196905,-0.1,-0.11,0.7,-0.95,1.39,1.7,1.3934805,1.283633554,0.48
196906,-7.18,-5.45,-1.08,4.32,-1.6,-2.3,4.590544074,-1.819498026,0.51
196907,-7,-3.41,1.2,1.48,1.91,1.71,2.704684062,-1.574826915,0.53
196908,4.68,0.7,-3.79,1.13,-4.02,2.17,-0.143399456,-1.814438671,0.5
196909,-2.98,1.29,-3.27,3.39,-0.82,2.52,3.833273292,-0.5016813,0.62
196910,5.06,3.96,-3.16,0.05,-2.15,-4.31,-1.619666223,0.596407264,0.6
196911,-3.79,-2.45,-1.19,1.46,0.3,3.66,2.82656469,-0.895037084,0.52
196912,-2.63,-3.76,-2.86,2.54,-1.81,4.96,4.048694353,-0.073657791,0.64
197001,-8.1,3.12,3.13,-1.72,3.84,0.6,1.799384292,0.383384213,0.6
197002,5.13,-2.76,3.93,-2.29,2.76,0.23,-2.488173634,1.99454647,0.62
197003,-1.06,-2.41,3.99,-1,4.29,-0.36,0.810725094,3.611468549,0.57
197004,-11,-6.4,6.18,-0.64,6.21,-0.77,3.903967943,0.889375509,0.5
197005,-6.92,-4.48,3.33,-1.21,3.9,-2.78,0.682012825,-5.517484127,0.53
197006,-5.79,-2.2,0.6,0.13,2.96,5.7,3.69835622,3.812072737,0.58
197007,6.93,-0.62,0.9,-0.26,1.84,-3.14,-0.19963674,2.876370649,0.52
197008,4.49,1.52,1.15,0.56,-0.21,-6.55,-2.0603997,-1.623807505,0.53
197009,4.18,8.51,-5.47,0.3,-5.83,-8.8,-3.175566457,-6.021686171,0.54
197010,-2.28,-4.43,0.22,1.71,2.34,9.42,4.050491506,3.868413159,0.46
197011,4.6,-3.86,1.69,1.57,1.47,2.73,0.940314752,3.908870263,0.46
197012,5.72,2.94,1,0.27,0.3,-2.23,-0.82188375,5.630445322,0.42
197101,4.84,7.54,1.33,-1.99,0.07,-6.51,-4.367871321,-1.921169602,0.38
197102,1.41,2.04,-1.23,0.62,-0.7,0.79,1.374100935,-0.610592264,0.33
197103,4.13,2.26,-3.95,1.82,-2.71,-1.41,0.911206029,-0.236543462,0.3
197104,3.15,-0.36,0.69,-1.47,0.87,1.41,-1.059683981,-0.547315611,0.28
197105,-3.98,-1.11,-1.44,1.4,0.25,0.86,1.669210717,-0.712710531,0.29
197106,-0.1,-1.48,-1.87,1.53,-1.64,2.73,0.698813179,1.180253377,0.37
197107,-4.5,-1.39,0.02,0.64,1.46,-2.35,2.633372797,1.122789084,0.4
197108,3.79,-0.16,2.63,-0.43,2.64,3.61,-2.730416245,-0.506235606,0.47
197109,-0.85,0.28,-2.91,2.56,-1.58,2.12,2.260370334,-0.28691262,0.37
197110,-4.42,-1.6,-0.48,1.62,-1.35,0.47,2.638661311,0.470297829,0.37
197111,-0.46,-2.86,-1.68,2.44,-0.34,1.51,1.78672522,-0.425389085,0.37
197112,8.71,3.27,-0.4,-0.4,-1.75,-0.58,-1.422516689,2.613233299,0.37
197201,2.49,6.1,2.24,-1.69,0.55,0.17,-1.568134512,-4.521655934,0.29
197202,2.87,0.87,-2.79,1.61,-0.52,2.54,1.121852058,-0.588027966,0.25
197203,0.63,-0.43,-1.61,1.63,-0.18,2.94,0.560682669,1.034495979,0.27
197204,0.29,0.23,0.12,-0.42,-1.03,2.81,-0.150431387,-0.588927001,0.29
197205,1.25,-3.1,-2.7,2.34,-1.95,3.29,3.498309346,0.721314945,0.3
197206,-2.43,-0.43,-2.48,1.88,-0.36,1.9,2.876232573,-0.225672917,0.29
197207,-0.8,-2.77,0.66,1.14,-0.66,2.75,2.259551074,1.137295771,0.31
197208,3.26,-3.48,4.54,-1.96,2.85,-5.4,-1.305238378,1.994684671,0.29
197209,-1.14,-2.23,0.46,1.68,-1.97,1.82,1.62080085,-0.04171878,0.34
197210,0.52,-2.54,1.34,-0.15,0.02,0.71,0.255953612,2.049237095,0.4
197211,4.6,-0.62,4.85,-1.95,3.37,-5.09,-2.420535709,2.67182566,0.37
197212,0.62,-1.89,-2.19,2.6,-2.16,4.92,3.062284856,1.173685885,0.37
197301,-3.29,-2.81,2.68,0.42,0.9,3.73,2.911496736,-1.286153026,0.44
197302,-4.85,-3.91,1.6,-0.26,0.02,2.16,1.372466176,-0.433624678,0.41
197303,-1.3,-2.33,2.62,-1.07,0.62,3.59,-0.434321943,-1.065457304,0.46
197304,-5.68,-2.9,5.41,-1.58,2.6,6.36,1.120957889,0.765174283,0.52
197305,-2.94,-6.17,0.41,1.95,-1.57,7.14,2.065273232,0.199877651,0.51
197306,-1.57,-2.48,1.2,-0.21,0.11,4.3,1.615021726,-1.295561027,0.51
197307,5.05,7.26,-5.31,-0.05,-3.28,-11.57,-2.444661576,-4.584356064,0.64
197308,-3.82,-1.84,1.24,-1.31,1.3,3.46,-0.186971876,-0.967377214,0.7
197309,4.75,3.6,2.01,-2.33,1.77,-7,-5.199871096,1.564693996,0.68
197310,-0.83,-0.38,1.94,-1.9,2.71,6.87,0.915596156,0.700751568,0.65
197311,-12.75,-7.28,3.87,-2.63,1.73,8.66,2.025668766,-4.681837427,0.56
197312,0.61,-4.69,3.85,-2.78,2.48,10.38,-2.160797565,0.95660762,0.64
197401,-0.17,10.41,6.02,-3.07,4.42,-8.85,-3.318770422,-2.677844192,0.63
197402,-0.47,0.06,2.81,-1.87,2.63,0.32,-2.08499896,1.792027716,0.58
197403,-2.81,2.65,-0.32,2.8,0.44,-1.05,3.143365691,0.070253339,0.56
197404,-5.29,-0.7,0.85,2.87,2.09,2.11,3.254994394,-4.226740192,0.75
197405,-4.68,-3.07,-2.02,4.95,-0.42,-0.39,4.473472744,-2.346128987,0.75
197406,-2.83,0,0.77,0.57,2.94,2.31,1.700974045,-0.970936333,0.6
197407,-8.05,1.92,5.16,-3.25,4.6,3.11,-1.500770318,-0.979798736,0.7
197408,-9.35,0.26,2.64,-0.28,2.59,3,0.154159226,-5.374567025,0.6
197409,-11.77,1.48,5.58,-4.44,5.91,4.24,-2.379067476,-1.904607954,0.81
197410,16.1,-6.82,-9.87,-0.21,-2.86,-0.54,1.513459056,4.065053003,0.51
197411,-4.51,-1.48,-0.2,-3.37,2.92,2.13,-1.333282858,-2.005507346,0.54
197412,-3.45,-4.35,0.11,-0.68,3.25,2.92,1.012945724,-3.367862935,0.7
197501,13.66,12.91,8.28,-0.78,-0.9,-13.82,-5.767463579,4.255227597,0.58
197502,5.56,-0.65,-4.44,1.16,-2.1,-0.61,2.751391675,-1.120963233,0.43
197503,2.66,4,2.38,1.26,-1.33,-2.04,0.013745709,-4.472471769,0.41
197504,4.23,-0.71,-1.14,1.41,-1.34,1.38,2.90346352,0.708083941,0.44
197505,5.19,2.89,-4.1,-0.98,-0.6,-0.58,-1.709081223,0.952871778,0.44
197506,4.83,1.43,1.38,-2.66,1.06,0.04,-3.6739298,2.536217545,0.41
197507,-6.59,3.44,1.69,0.46,1.22,0.42,-0.647874916,3.534920658,0.48
197508,-2.85,-2.84,-0.95,1.11,-0.93,-0.1,2.004935444,-0.771825702,0.48
197509,-4.26,0.05,0.39,0.53,0.55,0.41,1.498458417,2.029949818,0.53
197510,5.31,-4.23,0.28,-0.49,2.26,-0.16,0.019466607,1.380718323,0.56
197511,2.64,-1.09,2.03,-0.68,1.75,-0.45,-0.173347968,1.063505843,0.41
197512,-1.6,-0.05,1.69,-0.09,0.57,-0.11,-1.431763794,-2.28060982,0.48
197601,12.16,6.34,8.63,-1.79,2.28,4.45,-2.836332941,2.067268037,0.47
197602,0.32,7.99,5.87,-2.64,3.87,0.38,-2.467594303,0.323634131,0.34
197603,2.32,-1.38,-0.12,-0.33,0.96,0.15,0.140152521,-0.851334085,0.4
197604,-1.49,0.08,-0.16,0.4,-1.1,0.59,-0.862174025,2.081400777,0.42
197605,-1.34,-1.1,-1.36,2.46,-1.41,-1.12,1.279795133,-0.159237145,0.37
197606,4.05,-1.07,0.71,-0.68,1.02,-0.42,-1.373900221,-1.765561066,0.43
197607,-1.07,0.63,1.73,-1.05,0.28,-0.13,-0.196914613,1.395967028,0.47
197608,-0.56,-1.98,0.81,-0.42,-0.55,-0.85,-0.149046987,0.963446979,0.42
197609,2.07,0.1,-0.29,0.98,-1.15,0.22,0.819404069,1.284659234,0.44
197610,-2.42,0.13,-0.18,-0.19,-0.37,-0.44,-0.088486692,0.707430886,0.41
197611,0.36,2.66,1.51,-1.41,0.09,2.91,-2.005738579,0.04982948,0.4
197612,5.65,3.64,2.27,-0.61,2.28,0.73,-0.886005828,2.76607207,0.4
197701,-4.05,5.9,4.27,-0.51,1.97,4,-2.627740017,3.71226533,0.36
197702,-1.94,1.07,0.47,-0.16,-0.22,0.36,2.074894586,2.138883164,0.35
197703,-1.37,1.31,1.09,-0.3,-0.06,0.55,-0.847717011,0.849904945,0.38
197704,0.15,0.61,3.38,-2.01,1.14,4.21,-1.734602873,0.675662315,0.38
197705,-1.45,1.31,0.85,0.33,0.19,2.03,-0.700317655,0.665318252,0.37
197706,4.71,2.08,-0.74,0.91,-1.2,1.66,-0.833277489,-0.622856703,0.4
197707,-1.69,1.88,-0.56,0.73,0.09,0.32,0.918374926,2.440288801,0.42
197708,-1.75,0.86,-2.7,0.98,-0.66,-1.7,3.053998797,-0.096325351,0.44
197709,-0.27,1.43,-0.52,1.43,-0.84,2,0.350445105,-0.018217322,0.43
197710,-4.38,1.48,1.75,-0.2,-0.3,-0.08,1.051249669,-0.306992184,0.49
197711,4,3.64,0.26,-0.13,0.73,2.01,-0.643568657,-0.220467619,0.5
197712,0.27,1.59,-0.29,0.92,-0.69,1.58,0.370811576,1.879207843,0.49
197801,-6.01,2.72,3.36,-1.72,1.52,-0.66,-1.083140316,-0.255682567,0.49
197802,-1.38,3.7,0.83,0.3,1.01,1.97,-0.04273206,1.030645424,0.46
197803,2.85,3.71,1.18,-0.59,1.89,1.37,-1.432480096,1.103305473,0.53
197804,7.88,-0.26,-3.54,2.81,-1.26,0.86,3.029319085,2.666380157,0.54
197805,1.76,4.58,-0.52,0.22,0.41,2.83,0.529382059,1.70198083,0.51
197806,-1.69,1.56,0.57,-1.4,-0.07,2.74,-0.319604498,1.559444303,0.54
197807,5.11,0.12,-1.15,1.55,-0.78,4.17,1.27042162,-0.186398901,0.56
197808,3.75,4.95,-0.51,1.43,0.46,2.83,0.638708109,4.089456452,0.56
197809,-1.43,-0.32,1.89,-0.67,1.78,-3.14,-0.977738798,1.769363133,0.62
197810,-11.91,-10.02,1.38,0.12,0.94,-8.46,3.360363072,-4.433185077,0.68
197811,2.71,2.81,-2.15,1.13,-1.17,5.45,-0.503136051,-4.913948207,0.7
197812,0.88,1.13,-2.13,2.01,-1.32,3.03,2.384688901,-0.560179246,0.78
197901,4.23,3.78,2.19,-2.47,1.52,-1.36,-2.694630124,2.570400126,0.77
197902,-3.56,0.54,1.17,-1.12,0.94,-1.06,-0.888187668,0.306717526,0.73
197903,5.68,3.24,-0.71,0.53,0.32,2.93,-1.724187377,-2.163342449,0.81
197904,-0.06,2.37,1.12,1.08,0.17,0.81,0.953893342,0.328934352,0.8
197905,-2.21,0.18,1.31,-1.54,-0.27,-0.54,-1.528258966,-0.943253032,0.82
197906,3.85,1,1.44,-1.66,-0.52,0.84,-2.943184027,0.839201228,0.81
197907,0.82,1.27,1.86,-0.29,0.71,-1.07,0.573462708,0.830372699,0.77
197908,5.53,1.92,-1.58,1.62,-1.48,-0.2,0.99800281,1.18644853,0.77
197909,-0.82,-0.32,-0.9,1.01,0.32,5.28,0.054701873,-0.436211042,0.83
197910,-8.1,-3.5,-1.84,1.01,0.07,2.01,2.213434266,-5.572510011,0.87
197911,5.21,2.53,-3.29,0.06,-2.12,8.14,-2.213108426,-2.590300223,0.99
197912,1.79,4.32,-2.1,-0.7,-0.92,4.78,-1.256614497,-0.114211846,0.95
198001,5.51,1.83,1.75,-1.7,1.64,7.55,-2.736992579,1.831074506,0.8
198002,-1.22,-1.57,0.61,0.04,2.68,7.88,-1.902934398,-2.422423849,0.89
198003,-12.9,-6.93,-1.01,1.46,-1.19,-9.55,4.715098287,-5.919093422,1.21
198004,3.97,1.05,1.06,-2.1,0.29,-0.43,-3.410878618,0.828137904,1.26
198005,5.26,2.11,0.38,0.34,-0.31,-1.12,0.682429825,2.838337295,0.81
198006,3.06,1.41,-0.76,-0.15,-1.26,1.62,-1.101344256,3.082803744,0.61
198007,6.49,3.82,-6.41,4.06,-2.43,0.39,3.553207425,-1.471845769,0.53
198008,1.8,4.25,-2.6,2.06,-0.86,3.21,-0.110304598,0.883630448,0.64
198009,2.19,0.67,-4.59,1.91,-2.76,5.39,1.212329317,0.535969948,0.75
198010,1.06,2.33,-2.76,1.65,-1.15,7.3,0.478154833,-1.168879534,0.95
198011,9.59,-3.31,-8.33,4.5,-5.66,15.22,1.13215954,-7.21604036,0.96
198012,-4.52,-0.29,2.79,-1.29,1.24,-6.68,0.848361802,-0.394184852,1.31
198101,-5.04,3.29,6.72,-3.51,4.33,-7.95,-0.586623481,3.673816409,1.04
198102,0.57,-0.5,1.02,0.21,2.22,-1.35,1.464807457,0.889999936,1.07
198103,3.56,3.02,0.64,-2.24,-0.54,0.74,-1.028854286,2.457121502,1.21
198104,-2.11,4.59,2.28,0.83,1.24,-0.91,1.32697852,4.589167905,1.08
198105,0.11,2.45,-0.42,0.3,-1.53,3.7,-1.532072889,-1.508077734,1.15
198106,-2.36,-0.96,5.13,-1.37,2.66,-5.81,1.023247254,4.093389869,1.35
198107,-1.54,-2.05,-0.5,1.26,-2.54,-2.45,0.479514085,-2.576901948,1.24
198108,-7.04,-1.81,4.76,-0.32,1.41,-1.15,0.530863911,0.72313121,1.28
198109,-7.17,-2.45,5.17,0.08,2.63,1.95,0.682512603,-2.861666792,1.24
198110,4.92,2.37,-4.21,3.15,-3.01,4.01,0.866583275,-3.147801126,1.21
198111,3.36,-1.51,1.83,0.08,0.95,-0.27,0.870904247,3.299903037,1.07
198112,-3.65,1.2,0.81,0.22,2.5,1.3,1.81955025,1.338744201,0.87
198201,-3.24,-1.14,3.19,-1.49,1.92,1.72,0.123136653,-0.776606976,0.8
198202,-5.86,0.35,6.05,-3.48,4.56,4.88,0.358626422,2.102817029,0.92
198203,-1.87,-0.05,3.81,-1.38,2.49,2.96,-0.604885634,0.663910166,0.98
198204,3.27,1.09,-2.7,1.57,-0.01,-0.4,1.355140847,1.014158583,1.13
198205,-3.99,0.64,1.75,0.87,-0.3,2.5,1.725085318,1.419976074,1.06
198206,-3.09,-0.52,1.53,0.01,2.72,4.96,0.685980592,-1.453625145,0.96
198207,-3.19,0.95,0.09,1.04,1.55,4.45,1.52183088,0.439342,1.05
198208,11.14,-4.35,0.95,-1.89,0.09,-3.52,-1.557103282,-3.025322373,0.76
198209,1.29,2.61,0.28,2.14,-0.04,4.19,2.589874192,7.036412681,0.51
198210,11.3,1.92,-3.66,0.29,-0.34,0.18,-1.660180767,2.191351359,0.59
198211,4.67,4.43,-1.87,-0.97,0.27,5.95,1.754368262,6.098884382,0.63
198212,0.55,-0.04,-0.02,-0.01,1.02,0.04,0.843914712,2.368658115,0.67
198301,3.6,3.35,-0.75,-1.55,-0.58,-1.73,-2.216054157,1.992932059,0.69
198302,2.59,2.92,0.7,-0.52,1.05,3.77,1.151903647,7.705791232,0.62
198303,2.82,1.37,2.02,-0.17,2.74,0.92,1.020318208,5.900886086,0.63
198304,6.67,0.48,0.49,-0.11,1.42,1.72,-0.646496738,3.95684694,0.71
198305,0.52,6.3,-1.4,-1.84,-1.51,-1.56,-2.155745655,2.436876277,0.69
198306,3.07,1.18,-3.9,2.6,-0.87,1.8,2.108615402,2.214176138,0.67
198307,-4.07,1.01,5.62,-0.14,2.81,-3.13,0.019794142,3.058909943,0.74
198308,-0.5,-4.32,5.54,0.51,1.9,-5.43,0.859778151,-1.638687418,0.76
198309,0.91,0.3,1.01,1.24,0.5,-0.03,1.720723141,2.706374132,0.76
198310,-3.44,-3.77,4.97,-0.77,2.96,-4.52,1.426007093,2.720746903,0.76
198311,2.16,1.87,-0.72,-0.67,0.66,-0.13,-0.168931975,-0.826660245,0.7
198312,-1.78,-0.45,1.73,1.64,1.27,0.84,1.873959574,0.627305671,0.73
198401,-1.92,-0.04,7.58,-0.89,2.92,-2.56,-2.182198179,2.535790385,0.76
198402,-4.82,-1.59,3.33,0.9,1.58,0.22,0.899765561,-2.631849572,0.71
198403,0.63,-0.29,0.46,-0.96,1.17,1.07,0.153767792,-0.953842634,0.73
198404,-0.51,-0.95,1.2,3.34,0.76,2.07,3.174033238,-1.002647834,0.81
198405,-5.97,0.13,0.31,2.36,-0.46,1.51,2.772431721,0.990688992,0.78
198406,1.82,0.11,-2.66,3.17,-1.56,-0.7,2.20471765,0.001512577,0.75
198407,-2.74,-2.22,0.36,3.55,-2.15,2.85,3.091425061,2.088446089,0.82
198408,10.28,-0.26,-1.82,-0.68,-0.92,-5.59,-2.067556754,-0.804209909,0.83
198409,-0.8,-0.03,5.28,1.37,2.41,3.62,0.081051551,3.5876208,0.86
198410,-0.84,-1.44,0.45,1.18,-1.09,3.16,2.115703271,1.685661749,1
198411,-1.76,-1.02,4.06,0.72,2.06,1.64,1.064065638,0.529704124,0.73
198412,1.84,-0.65,-0.26,1.31,-1.36,1.49,0.198826729,-0.38200624,0.64
198501,7.99,3.51,-5.35,-0.89,-3.41,-6.82,-1.060020816,1.431570431,0.65
198502,1.22,1.04,-0.1,1.29,1.06,1.88,1.826933978,4.214638627,0.58
198503,-0.84,-1.39,4.07,1.23,2.88,1.58,-0.202982359,2.696019745,0.62
198504,-0.96,-0.1,3.72,1.55,0.71,3.04,0.382692665,2.599173369,0.72
198505,5.09,-2.31,-0.96,1.33,-1.49,3.99,0.55419674,0.889387786,0.66
198506,1.27,0.35,0.38,1.76,-0.77,3.57,0.606315786,2.396995804,0.55
198507,-0.74,2.87,-1.62,-0.42,-0.38,-3.91,1.019502586,-1.095857207,0.62
198508,-1.02,-0.29,2.32,-0.1,1.83,1.85,0.069162255,0.279677769,0.55
198509,-4.54,-1.8,1.29,1.14,1.64,1.51,3.097717586,-0.121128683,0.6
198510,4.02,-1.5,0.75,0.89,-1.06,4.88,0.415766311,1.573079418,0.65
198511,6.48,0.02,-2.85,0.33,-2.32,-0.47,1.911301023,1.783510136,0.61
198512,3.88,-0.41,-1.54,0.99,-1.8,-0.23,1.659308319,2.511444072,0.65
198601,0.65,1.01,0.44,-2,-2.03,3,-1.85055056,1.252327225,0.56
198602,7.13,-0.71,-0.72,1.06,-1.2,2.76,1.442651686,3.869824311,0.53
198603,4.88,-0.66,-0.39,1.21,0.92,2.41,0.768810784,3.928128656,0.6
198604,-1.31,2.84,-2.87,2.91,0.03,-0.37,2.093924035,1.34799626,0.52
198605,4.62,-1.29,-0.21,2.13,1.08,2.05,0.786343571,2.834440763,0.49
198606,1.03,-0.89,1.28,1.8,0.87,5.07,2.125268152,4.597907823,0.52
198607,-6.45,-3.46,4.7,-0.54,0.84,1.83,1.560455368,0.899430585,0.52
198608,6.07,-4.35,3.51,-1.66,3.21,-5.28,-1.944800671,-2.045468881,0.46
198609,-8.6,2.05,3.22,-0.08,3.71,-5.79,-0.821291355,-2.886048192,0.45
198610,4.66,-2.33,-1.42,-0.05,1,4.46,0.593643671,-1.921221633,0.46
198611,1.17,-1.88,-0.07,1.09,0.67,-0.26,2.427426032,-1.355880738,0.39
198612,-3.27,0.12,0.36,0.79,0.09,0.35,1.496814942,-2.705571667,0.49
198701,12.47,-1.54,-3.16,0.17,-1,2.2,0.31242392,3.213560644,0.42
198702,4.39,3.4,-5.91,-0.76,-2.66,-2.07,-0.252162004,0.100962699,0.43
198703,1.64,0.28,1.61,1.36,4.14,1.68,-0.588004578,4.46652502,0.47
198704,-2.11,-1.54,-0.39,-0.49,1.05,0.22,0.50533653,-0.018991219,0.44
198705,0.11,-0.56,0.23,0.51,1.14,-0.74,0.501610067,-0.730678736,0.38
198706,3.94,-2.21,1.04,1.7,0.84,-0.25,1.358887874,1.772916188,0.48
198707,3.85,-1.14,0.68,-0.61,1.61,2.72,-0.794111144,3.790791525,0.46
198708,3.52,-0.94,-0.93,2.04,-1.61,-0.86,2.88775252,-1.011339761,0.47
198709,-2.59,0.38,0.27,-0.97,1.87,0.77,-0.584330105,-0.392805494,0.45
198710,-23.24,-8.07,4.24,2.04,2.34,-7.86,4.981349272,-13.29049276,0.6
198711,-7.77,2.85,2.95,-1.88,0.68,-1.17,-0.191819005,4.007617786,0.35
198712,6.81,0.06,-4.43,2.96,-2.42,5.87,1.974029149,-9.648688738,0.39
198801,4.21,-0.51,5.01,-1.14,2.13,-7.24,-2.312758155,3.438570872,0.29
198802,4.75,3.32,-1.71,1.56,-0.01,-1.47,0.148947863,-1.638299553,0.46
198803,-2.27,6.25,0.73,-0.25,1.8,0.58,-0.901464458,5.080787236,0.44
198804,0.56,1.16,1.67,-0.2,1.92,2.24,-0.265846733,1.394840773,0.46
198805,-0.29,-2.56,2.42,-0.74,0.33,0.63,0.905673251,0.479604188,0.51
198806,4.79,2.16,-1.24,1.47,-3.37,-2.93,-0.038390958,-1.028684619,0.49
198807,-1.25,-0.21,2.22,-0.58,1.52,0.66,-0.452733896,1.074175291,0.51
198808,-3.31,-0.03,2.15,-0.82,1.76,0.35,-0.105217659,0.870871684,0.59
198809,3.3,-1.36,-0.75,1.76,-0.61,0.27,0.713916514,-2.754817172,0.62
198810,1.15,-2.95,2.05,1.3,1.03,1.33,0.881444081,-0.40000313,0.61
198811,-2.29,-1.65,1.41,-0.28,1.62,0.33,0.666448534,-2.499935485,0.57
198812,1.49,2.01,-1.69,0.69,-0.38,0.49,0.857843825,-3.160315357,0.63
198901,6.1,-2.31,0.6,-0.95,0.14,-0.16,-1.284497001,0.305511495,0.55
198902,-2.25,2.71,1.01,-0.87,1.81,0.99,-0.845364581,0.434296567,0.61
198903,1.57,0.68,0.58,0.05,0.72,3.51,-0.807761314,1.392849579,0.67
198904,4.33,-0.78,-1.42,0.71,-0.57,1.77,1.441553943,0.22652584,0.67
198905,3.35,-0.01,-0.88,0.49,-0.08,1.52,0.058485631,-1.228412562,0.79
198906,-1.35,-1.09,2.25,0.27,1.56,0.43,-0.37474235,1.298836677,0.71
198907,7.2,-4.15,-2.79,1.98,-0.58,5.41,1.268482666,0.161007799,0.7
198908,1.44,0.48,0.6,0.39,-0.58,-0.12,-0.15698221,0.177336142,0.74
198909,-0.76,0.49,-1.27,1.4,0.5,3.4,0.224102613,-0.570103349,0.65
198910,-3.67,-3.3,-1.11,0.11,-0.04,1.32,3.304191394,-0.189194962,0.68
198911,1.03,-1.29,-1.09,-0.86,1.41,2.6,0.826560687,0.620364363,0.69
198912,1.16,-2.27,0.16,-0.07,1.42,2.8,1.986615754,-1.513966233,0.61
199001,-7.85,-1.31,0.85,-1.17,1.35,-3.27,0.897700844,-0.785064646,0.57
199002,1.11,1.17,0.64,-0.03,-0.66,-0.55,-0.76350958,-1.922238653,0.57
199003,1.83,1.62,-2.92,2.04,-1.02,1.8,1.967888761,-0.847742474,0.64
199004,-3.36,-0.33,-2.59,1.78,-0.98,2.39,2.75955399,-3.148338805,0.69
199005,8.42,-2.35,-3.83,1.57,-1.68,3.03,0.092780786,-2.689663599,0.68
199006,-1.09,1.35,-1.93,-1.03,-0.39,2.4,1.551299033,0.696817968,0.63
199007,-1.9,-3.16,-0.03,-0.18,3.21,6.1,2.360573462,-0.214216724,0.68
199008,-10.15,-3.87,1.64,-0.35,2.96,1.88,1.635683797,-2.734324185,0.66
199009,-6.12,-3.74,0.64,0.06,3.67,5.78,4.3831022,-0.549846033,0.6
199010,-1.92,-5.12,0.1,2.97,-0.3,6.71,4.29580625,-4.733976962,0.68
199011,6.35,0.07,-3.1,0.65,-4.74,-5.48,-0.868566027,-5.686931872,0.57
199012,2.46,0.67,-1.7,2.73,-1.89,0.29,2.160331946,-1.844254752,0.6
199101,4.69,3.91,-1.6,1.28,-3.99,-6.45,-0.968756193,-6.654642016,0.52
199102,7.19,3.94,-0.58,-0.2,-0.33,-4.61,-3.274933605,1.071432818,0.48
199103,2.65,3.83,-1.39,-0.53,-1.06,2.87,-0.535465306,0.998554975,0.44
199104,-0.28,0.31,1.5,0.62,0.74,-2.36,0.035953101,4.320148726,0.53
199105,3.65,0.14,-0.52,2,-2.43,-0.11,-0.399333403,0.671224112,0.47
199106,-4.94,0.24,1.15,1.79,0.65,0.47,2.423014542,2.140808115,0.42
199107,4.24,-0.96,-1.32,1.6,-1.36,4.32,0.127613286,-0.175484694,0.49
199108,2.32,1.4,-0.78,0.84,-0.34,1.57,0.110051772,0.855692951,0.46
199109,-1.59,1.56,-1.08,-1.82,0.08,1.79,-1.005389905,2.414263711,0.46
199110,1.29,0.91,-0.47,-1.7,-0.23,3.06,-0.534525037,1.752390768,0.42
199111,-4.19,-0.83,-1.89,1.11,0.01,1.14,3.357059274,2.232509535,0.39
199112,10.84,-2.4,-4.17,3.55,-3.12,8.19,1.717991339,-3.665325401,0.38
199201,-0.59,9.18,4.71,-1.32,3.2,-2.49,-4.479880008,5.016307013,0.34
199202,1.09,1.33,6.47,0.08,2.19,-0.53,-1.111380938,3.589300059,0.28
199203,-2.66,-0.93,3.56,-0.01,1.95,-0.29,1.093619168,2.071819018,0.34
199204,1.07,-5.7,4.34,1.69,2.23,-2.58,1.090921507,-0.648418984,0.32
199205,0.3,0.21,1.19,-0.95,0.48,0.21,0.335624509,0.848832682,0.28
199206,-2.34,-2.73,3.24,-0.05,1.01,-0.58,1.149791379,1.300246497,0.32
199207,3.77,-0.62,-0.56,1.3,-0.91,1.56,1.11067586,1.03130042,0.31
199208,-2.38,-0.42,-1.1,3.72,-1.65,-0.51,3.279596712,0.775659276,0.26
199209,1.19,0.48,-0.26,1.64,-0.59,1.49,0.787009412,1.479686896,0.26
199210,1.02,2.07,-1.98,1.24,-0.79,2.48,1.508656401,-0.668851434,0.23
199211,4.13,3.94,-1.35,-0.68,-1.59,-0.15,-1.300223497,-0.721471024,0.23
199212,1.53,1.68,2.62,-0.48,0.84,4.31,-0.902396745,3.147989472,0.28
199301,0.93,1.93,5.94,-1.84,2.91,4.83,-3.861786549,7.575810725,0.23
199302,0.12,-3.45,6.42,-0.42,4.13,3.14,-1.738382605,5.619888272,0.22
199303,2.3,0.09,1.18,-0.15,0.9,3.73,-1.320767139,4.38901756,0.25
199304,-3.05,-0.85,2.49,-3.61,1.38,0.38,-2.524479061,4.618623587,0.24
199305,2.89,1.9,-3.42,-0.12,-1.04,0.22,-0.946151229,0.722143836,0.22
199306,0.31,0.13,2.75,-0.92,1.21,4.55,-2.162343672,3.315043176,0.25
199307,-0.34,0.95,2.85,-1.87,2.06,3.16,-1.306710321,3.34370021,0.24
199308,3.71,0.1,0.13,-1.54,-0.04,2.65,-0.437362845,1.990927312,0.25
199309,-0.12,2.98,-0.31,0.24,-0.16,3.37,-0.184563662,2.823225978,0.26
199310,1.41,1.89,-2.76,0.57,0.6,-2.72,-0.326641286,3.03966022,0.22
199311,-1.89,-1.27,-0.74,2.23,-0.94,-4.74,1.494339957,-3.726263368,0.25
199312,1.65,1.4,0.32,1.16,-0.34,2.36,0.186180925,1.063940437,0.23
199401,2.87,-0.06,1.15,-1.66,1.43,0,-2.475209689,3.246142927,0.25
199402,-2.55,2.67,-1.54,2.14,-1,-0.3,2.734351185,-1.447603569,0.21
199403,-4.78,-1.04,1.6,0.69,1.28,-1.27,1.524283736,-1.08041367,0.27
199404,0.68,-1.01,1.66,1.07,1.11,0.39,0.489840645,-1.530122876,0.27
199405,0.58,-2.56,0.67,0.6,0.68,-2.19,-0.14233248,0.58858577,0.31
199406,-3.03,-0.5,1.67,1.21,1.47,-0.87,1.469292531,1.188999183,0.31
199407,2.82,-1.85,0.58,-0.65,0.14,0.18,-0.651989681,-1.024283328,0.28
199408,4.01,1.37,-2.51,0.95,-1.47,1.55,1.777931401,-2.654043594,0.37
199409,-2.31,2.8,-1.89,0.52,0.93,1.31,1.638842557,3.467478479,0.37
199410,1.34,-2.3,-1.62,0.23,-0.68,1.49,3.115287038,-2.383657919,0.38
199411,-4.04,0.07,-0.7,0.42,-0.5,-0.18,2.76980003,-4.269348578,0.37
199412,0.86,0,-0.13,0.37,0.38,3.48,0.567736198,-3.498521853,0.44
199501,1.8,-3.06,2.57,0.17,-0.75,-1.81,0.461115446,0.868323789,0.42
199502,3.63,-0.54,1.08,0.59,-0.33,-0.39,-0.392708008,0.937903692,0.4
199503,2.19,-0.51,-2.15,-0.17,0.22,0.43,1.214866291,0.759087788,0.46
199504,2.11,-0.22,1.71,0.41,0.9,1.79,-0.111599044,0.869046918,0.44
199505,2.9,-2.19,2.29,0.39,0.04,-0.42,-0.211145915,0.896279777,0.54
199506,2.72,3.06,-2.54,-0.33,-2.44,2.93,-0.33874986,1.372733386,0.47
199507,3.72,2.09,-1.62,0.3,-1.65,2.56,-0.536920118,1.142220195,0.45
199508,0.55,1.75,2.79,-1.24,1.62,0.16,-2.143531931,2.971596395,0.47
199509,3.35,-1.88,-0.04,1.03,0.36,2.9,0.934189231,2.765475094,0.43
199510,-1.52,-4.04,-0.5,1.91,-0.05,4.16,4.32723832,-0.85786262,0.47
199511,3.96,-1.07,0.51,-0.62,1.12,-0.68,-0.294954423,-1.465366144,0.42
199512,1.03,0.72,0.22,-1.37,3.1,2.52,-0.942787845,1.760647771,0.49
199601,2.26,-2.56,0.38,0.18,2.31,0.54,-1.758119907,3.966330965,0.43
199602,1.33,1.77,-1.08,0.24,-1.9,0.59,0.891769429,0.425666739,0.39
199603,0.73,1.61,0.35,1.42,-0.95,-1.84,-0.734934769,2.20331242,0.39
199604,2.06,4.71,-4.02,-0.14,-2.11,-0.88,0.65553216,-0.382895055,0.46
199605,2.36,3.21,-0.83,0.12,-0.3,1.54,0.598248985,3.302772449,0.42
199606,-1.14,-3.65,2.35,3.51,1.22,0.98,1.718539242,3.014339267,0.4
199607,-5.97,-3.81,5.14,2.95,2.6,-0.16,2.134839127,-0.596641875,0.45
199608,2.77,2.57,-0.74,-0.37,-2.42,0.01,-0.321625402,0.680246729,0.41
199609,5.01,-1.39,-2.72,1.27,-2.22,2.7,2.005251254,0.872841806,0.44
199610,0.86,-3.77,4.94,1.4,3.25,3.79,1.010660244,2.85028502,0.42
199611,6.25,-3.8,1.39,2.12,-0.79,-2.37,1.612684727,0.492471013,0.41
199612,-1.7,3.25,1.31,0.37,1.49,0.63,-0.382299417,1.993735792,0.46
199701,4.99,-1.82,-1.42,1.19,-0.02,1.96,1.037975643,3.496264931,0.45
199702,-0.49,-2.59,5.67,0.67,3.47,-2.13,0.535323301,5.478271798,0.39
199703,-5.03,-0.43,3.39,0.5,1.66,0.9,0.949583738,2.55094579,0.43
199704,4.04,-5.7,0.07,3.26,-0.72,4.84,3.607587942,-1.891063069,0.43
199705,6.74,4.75,-4.13,-1.02,-2.96,-5.17,-0.032934034,-2.228091757,0.49
199706,4.1,1.19,1.58,0.56,0.66,2.6,1.022245386,5.382355995,0.37
199707,7.33,-2.77,0.26,0.07,-2.57,3.77,0.258283709,0.489146435,0.43
199708,-4.15,7.61,1.18,-1.11,-0.04,-2.56,-1.004004108,1.748532457,0.41
199709,5.35,2.49,0.37,-1.63,-0.91,1.47,-1.846435222,7.796715575,0.44
199710,-3.8,-0.52,2.27,1,1.94,-0.57,0.766248038,4.205577336,0.42
199711,2.98,-5.1,1.19,2.8,1.83,0.33,3.08710879,1.264943956,0.39
199712,1.32,-2.04,3.84,0.75,1.93,3.98,-0.151004414,6.218994628,0.48
199801,0.15,-1.36,-1.63,0.86,-0.73,0.14,1.429477219,-1.789182023,0.43
199802,7.04,0.2,-0.85,-0.31,-2.54,-1.12,-0.190760213,-0.301359974,0.39
199803,4.76,-0.65,1.39,-0.26,-0.37,2.15,-0.637980867,3.332051186,0.39
199804,0.73,-0.01,0.94,-1.69,-0.36,0.74,-0.377415259,2.726769866,0.43
199805,-3.07,-2.93,3.4,1.07,2.59,1.82,1.340179207,1.362251637,0.4
199806,3.18,-3.65,-1.97,-0.27,-2.97,7.28,1.51899497,-1.598821842,0.41
199807,-2.46,-5.27,-1.78,1.74,0.45,3.69,1.614771344,-0.697921154,0.4
199808,-16.08,-5.18,3.53,3.39,5.89,1.84,7.328618858,-1.29726361,0.43
199809,6.15,-0.77,-3.42,-1.89,-2.97,-0.81,-0.234537945,-4.164629622,0.46
199810,7.13,-3.43,-2.23,0.93,0.32,-5.37,0.017771438,-9.041154756,0.32
199811,6.1,0.74,-3.25,-0.85,-1.2,1.2,0.51598083,-3.94784179,0.31
199812,6.16,-1.57,-4.19,-0.75,-3.4,8.92,0.788017977,-3.27295009,0.38
199901,3.5,-0.74,-4.6,-2.79,-6.77,3.03,-2.703450686,-4.121536304,0.35
199902,-4.08,-5.23,1.92,-1.21,4.07,-0.1,-0.676304333,0.585178981,0.35
199903,3.45,-4.23,-2.74,-4.07,-1.41,-1.27,-2.397898821,-7.739663044,0.43
199904,4.33,4.53,2.46,-2.53,0.9,-9.04,-4.035559329,-0.591259779,0.37
199905,-2.46,3.71,2.35,0.93,3.33,-5.19,1.780129364,3.673364516,0.34
199906,4.77,2.29,-3.19,1.14,-3.23,5.06,1.299911558,-1.139891057,0.4
199907,-3.49,2.57,-0.44,0.36,3.22,1.66,2.257084448,-0.348641387,0.38
199908,-1.38,-1.73,-1.87,-0.24,0.64,3.12,2.846432662,-3.065288404,0.39
199909,-2.79,2.59,-3.5,-0.75,-1.23,6.47,1.050545306,-5.364824743,0.39
199910,6.12,-6.91,-3.37,-1.75,-1.19,5.5,-0.598978223,-2.833854124,0.39
199911,3.37,5.8,-6.11,-4.27,-1.75,5.64,-0.321584077,-12.34196394,0.36
199912,7.72,5.39,-8.32,-7.6,-5.63,13.22,-1.329706031,-11.75115939,0.44
200001,-4.74,4.44,-1.91,-6.31,4.75,1.92,-2.729494376,-0.614060723,0.41
200002,2.45,18.34,-9.7,-18.73,-0.36,18.2,-6.668116378,-13.84541395,0.43
200003,5.2,-15.35,8.17,11.82,-1.65,-6.83,4.553974273,-0.33444814,0.47
200004,-6.4,-5.01,7.26,7.66,5.65,-8.39,6.44212663,6.417340861,0.46
200005,-4.42,-3.84,4.81,4.17,1.3,-8.98,3.022067906,5.563288892,0.5
200006,4.64,9.93,-8.43,-8.32,-2.93,16.6,-2.893165618,-10.53881673,0.4
200007,-2.51,-1.03,8.3,5.82,2.95,-0.05,2.406815262,5.666416786,0.48
200008,7.03,-1.04,-1.38,-3.22,1.09,5.73,-2.459854352,-5.628379873,0.5
200009,-5.45,0.19,7.17,2.56,5.53,1.97,2.690762691,7.670158967,0.51
200010,-2.76,-2.64,5.7,9.6,3.82,-4.48,8.241837502,0.716557573,0.56
200011,-10.72,-0.6,12.32,13.09,8.39,-2.32,12.09924264,12.98765087,0.51
200012,1.19,3.26,7.61,1.72,4.78,6.74,-1.79731744,7.864488885,0.5
200101,3.13,5.5,-5.09,-4.7,-5,-25.3,-6.402914267,-16.20761515,0.54
200102,-10.05,2.82,12.48,9.11,9.05,12.57,6.524391094,14.98320496,0.38
200103,-7.26,2.33,6.42,3.36,3.91,8.55,4.281290475,10.13981579,0.42
200104,7.94,-0.86,-4.68,-3.07,-3.19,-7.9,-1.767985566,-5.175279539,0.39
200105,0.72,3.59,3.38,0.26,1.88,2.21,-1.57332751,6.257191756,0.32
200106,-1.94,6.57,-1.13,1.6,-1.5,0.38,1.983028373,3.148663065,0.28
200107,-2.13,-2.83,5.21,7.42,3.06,5.58,4.240086243,6.766864188,0.3
200108,-6.46,2.71,2.3,4.05,6.56,5.53,3.743313116,6.690330964,0.31
200109,-9.25,-5.73,1.45,5,3.2,11.48,5.829201927,4.926192394,0.28
200110,2.46,5.28,-7.66,-2.99,-4.54,-8.47,-0.476902917,-7.274329908,0.22
200111,7.54,-0.31,2.22,-3.72,-1.62,-8.69,-1.817210685,-6.612268842,0.17
200112,1.6,5.16,0.85,0.35,-0.27,0.07,-0.48477684,1.811610467,0.15
200201,-1.44,1.26,3.44,4.69,2.83,3.75,4.859219311,5.061327512,0.14
200202,-2.29,-0.36,2.16,8.06,5.11,6.82,3.416427356,9.537223105,0.13
200203,4.24,4.25,1.06,-1.78,0.57,-1.64,-2.074873103,3.001838399,0.13
200204,-5.2,6.72,3.88,4.56,5.38,7.63,2.554001929,12.80808002,0.15
200205,-1.38,-3.02,1.53,2.37,2.43,3.16,1.757873613,7.305364701,0.14
200206,-7.21,3.89,-0.03,3.93,2.49,6.03,3.494979958,7.947272162,0.13
200207,-8.18,-6.43,-3.85,3.79,-0.99,3.77,6.169296529,-1.446417812,0.15
200208,0.5,-1.3,3.29,1.36,-1.46,1.9,0.699099277,2.975704105,0.14
200209,-10.35,3.07,1.47,3.29,-2.19,9.13,4.327456955,5.435101614,0.14
200210,7.84,-4.3,-3.94,-3.4,0.77,-5.58,-0.153174873,-9.100556719,0.14
200211,5.96,2.93,-1.21,-9.21,5.17,-16.33,-8.897486404,-14.55548895,0.12
200212,-5.76,0.62,2.14,6.29,-1.68,9.64,4.261228403,12.08147092,0.11
200301,-2.57,0.72,-0.81,-1,0.71,1.55,-0.272556017,1.472115223,0.1
200302,-1.88,-0.93,-1.38,0.83,-0.61,1.17,2.479745498,1.765781623,0.09
200303,1.09,0.67,-1.91,1.85,-0.75,1.48,0.956124907,1.102544866,0.1
200304,8.22,1.04,1.17,-4.7,1.09,-9.33,-6.04644352,-3.543764337,0.1
200305,6.05,4.87,0.5,-7.06,2.99,-10.7,-7.15064378,-5.700015602,0.09
200306,1.42,1.68,0.15,0.48,-0.35,-1,-0.962243946,1.775395971,0.1
200307,2.35,4.54,-1.24,-4.15,1.77,-0.24,-2.176350255,0.489427127,0.07
200308,2.34,2.48,1.54,-2.24,2.13,-0.62,-1.252399224,0.084540354,0.07
200309,-1.24,0.55,0.15,1,0.35,-0.19,-0.131055861,1.790263972,0.08
200310,6.08,2.71,1.97,-1.35,1.54,3.99,-1.281368713,0.199452608,0.07
200311,1.35,2.33,1.78,0.19,1.8,1.46,0.408870546,4.54382925,0.07
200312,4.29,-2.49,1.61,0.57,0.94,-5.57,-1.953345738,6.233252146,0.08
200401,2.15,2.45,2.48,-3.67,3.38,2.58,-3.932160037,-1.540269937,0.07
200402,1.4,-0.93,0.91,2.18,-1.21,-1.14,0.37259642,5.329247109,0.06
200403,-1.32,2.1,0.28,1.56,-0.98,0.17,1.17732536,5.144990939,0.09
200404,-1.83,-2.01,-3.09,3.46,-2.84,-5.38,3.953513274,-0.041022982,0.08
200405,1.17,-0.38,-0.24,-1.18,0.02,1.5,-0.222629093,0.28324991,0.06
200406,1.86,2.56,1.19,1.2,-0.39,2.05,-0.020003711,2.446823742,0.08
200407,-4.06,-2.95,3.23,5.33,-1.66,-2.29,3.449227715,5.877011177,0.1
200408,0.08,-1.16,1,1.18,-1.44,-1.59,-0.124831951,2.589118782,0.11
200409,1.6,3.27,-0.01,-1.48,-1.89,5.49,-1.007650404,2.880295876,0.11
200410,1.43,0.19,-0.22,-0.52,0.49,-1.38,0.447522976,1.395500739,0.11
200411,4.54,4.11,1.42,-0.59,-0.21,3.16,-2.139351348,2.917292665,0.15
200412,3.43,-0.05,-0.22,-1.16,0.46,-2.87,-0.932320158,1.368755754,0.16
200501,-2.76,-1.18,2.06,2.73,-1.46,3.05,1.862473246,3.773566461,0.16
200502,1.89,-0.3,1.53,1.45,-0.05,3.37,0.554566901,3.259569514,0.16
200503,-1.97,-1.42,2.04,0.47,1.29,0.41,1.877094549,0.362046184,0.21
200504,-2.61,-3.98,0.06,0.97,-0.94,-0.69,1.408236377,1.153739583,0.21
200505,3.65,2.79,-0.64,-1,0.3,0.45,0.153704374,-2.145164914,0.24
200506,0.57,3.28,2.82,0.97,-0.51,2.05,-0.900855886,3.440506362,0.23
200507,3.92,2.8,-0.78,-1.22,-0.81,0.06,-0.798470437,1.445115695,0.24
200508,-1.22,-0.89,1.32,-2.05,0.36,2.08,-0.978013054,-0.010350638,0.3
200509,0.49,-0.35,0.72,0.27,-0.6,3.43,-0.764754342,-0.075051604,0.29
200510,-2.02,-1.45,0.43,-0.94,-1.3,-1.39,1.918610899,-2.482558985,0.27
200511,3.61,0.85,-1.18,-0.74,-1.14,0.35,-0.041946168,-0.305165149,0.31
200512,-0.25,-0.21,0.2,0.21,0.23,0.77,-1.832136575,1.082445274,0.32
200601,3.04,5.75,1.08,-0.64,-0.46,2.53,-2.099553019,0.538944715,0.35
200602,-0.3,-0.42,-0.35,-0.51,1.91,-1.84,-1.130460352,0.291927926,0.34
200603,1.46,3.4,0.59,0.09,-0.41,1.26,-0.669986879,0.696768952,0.37
200604,0.73,-0.84,2.34,1.8,0.01,0.64,-0.90746608,1.024098439,0.36
200605,-3.57,-2.85,2.42,1.15,1.46,-3.7,0.897421582,-0.054325434,0.43
200606,-0.35,-0.24,0.85,1.33,-0.07,1.54,0.955265386,-0.323191591,0.4
200607,-0.78,-3.64,2.62,1.63,0.9,-2.12,-0.069689479,1.660258866,0.4
200608,2.03,0.44,-2.06,-1.86,2.09,-3.38,-0.249511481,-0.869872435,0.42
200609,1.84,-1.46,0.08,0.82,0.6,-0.96,1.301796712,-0.581323344,0.41
200610,3.23,1.98,-0.3,-0.12,0.28,-0.2,-1.022531276,0.059299469,0.41
200611,1.71,0.71,0.14,0.15,-0.81,-1.03,-0.580502346,1.073451124,0.42
200612,0.87,-0.82,2.73,-0.72,2.06,0.79,-0.677284699,2.123418201,0.4
200701,1.4,0.08,-0.69,0.25,0.38,0.24,-0.25895671,1.053865412,0.44
200702,-1.96,1.28,-0.13,-0.51,-0.71,-1.35,-0.592124171,0.788260259,0.38
200703,0.68,0.19,-0.96,0.64,-0.65,2.56,0.249686358,-0.374766658,0.43
200704,3.49,-2.03,-1.46,1.15,1.04,-0.24,-0.096888296,0.43940823,0.44
200705,3.24,0.4,-0.65,1.58,-1.36,-0.34,0.588356057,-1.447370118,0.41
200706,-1.96,0.75,-1.07,0.53,0.08,0.51,1.167766502,0.391185117,0.4
200707,-3.73,-2.98,-3.72,0.2,-1.13,2.94,2.31498355,-0.979207161,0.4
200708,0.92,-0.37,-1.86,-1.21,-0.53,0.1,1.32451837,-3.364815502,0.42
200709,3.22,-2.43,-2.23,-0.52,-3.02,4.63,-0.721318584,1.109467905,0.32
200710,1.8,-0.03,-3.05,-0.3,-0.09,5.02,0.048927894,-0.107172622,0.32
200711,-4.83,-3.01,-0.95,1.89,-0.29,0.99,3.676884305,-4.362740794,0.34
200712,-0.87,0.15,-0.54,0.87,-1.04,6.63,1.898305059,-2.716950418,0.27
200801,-6.36,-0.66,3.98,2.14,2.14,-7.75,-1.006492958,-2.270862433,0.21
200802,-3.09,-0.66,-0.84,0.88,-0.93,6.1,2.168484744,2.110254509,0.13
200803,-0.93,0.56,0.3,0.79,0.5,4.27,2.07050228,-6.871868278,0.17
200804,4.6,-1.14,-1.04,1.63,-2.47,-0.31,-1.38367586,-2.144250636,0.18
200805,1.86,3.06,-1.49,0.93,-0.06,3.31,1.196464786,0.680201032,0.18
200806,-8.44,1.15,-2.67,4.96,-0.55,12.75,3.272268858,0.253791422,0.17
200807,-0.77,3.72,5.42,-1.37,1.08,-5.13,0.591016568,-6.934247031,0.15
200808,1.53,3.46,1.59,1.86,0.84,-4.02,2.474085025,-1.497681733,0.13
200809,-9.24,0.25,5.92,2.41,1.78,0.28,3.29019261,-9.206966982,0.15
200810,-17.23,-3.34,-2.3,3.04,2.05,7.85,8.530069592,-5.133257638,0.08
200811,-7.86,-3.89,-6.31,4.53,2.74,7.17,8.012123141,-3.556999581,0.03
200812,1.74,3.29,0.15,0.06,-1.49,-5.09,-0.203089786,-7.421819172,0
200901,-8.12,-2.13,-11.29,0.18,-1.16,-2.18,3.293216566,11.5164332,0
200902,-10.1,-1.33,-6.95,1.19,-1.02,4.41,5.353155322,-0.347924356,0.01
200903,8.95,0.68,3.48,-2.52,-2.24,-11.87,-3.103995953,-2.63413391,0.02
200904,10.18,7.13,5.36,1.31,0.13,-34.3,-6.941062737,-7.857194603,0.01
200905,5.21,-2.32,0.27,-0.78,-2.16,-12.49,-5.783800457,6.565004018,0
200906,0.43,2.29,-2.73,-1.41,-0.33,5.48,3.209130993,9.07418889,0.01
200907,7.72,2.39,4.84,-0.46,3.14,-5.55,-4.427461218,-3.653755268,0.01
200908,3.33,-0.09,7.63,-3.02,3.34,-9.07,-6.348229477,-2.387293777,0.01
200909,4.08,2.73,1.04,1.31,0.35,-4.79,-2.601691763,-0.38027998,0.01
200910,-2.59,-4.93,-4.2,4.17,-1.49,2.61,5.693545059,0.853821842,0
200911,5.56,-2.68,-0.34,1,0.12,0.3,-0.167091163,-1.193988718,0
200912,2.75,6.23,-0.17,1.02,-0.09,3.01,-0.388731283,0.976431967,0.01
201001,-3.36,0.34,0.43,-1.27,0.46,-5.4,-0.528918623,0.993977599,0
201002,3.4,1.51,3.23,-0.27,1.43,3.74,-0.709029252,0.761368762,0
201003,6.31,1.85,2.21,-0.65,1.69,3.76,-2.979995701,1.520979107,0.01
201004,2,4.98,2.89,0.69,1.72,3.16,-3.494108067,1.488063425,0.01
201005,-7.89,0.04,-2.44,1.3,-0.22,-0.25,2.447616483,-0.562226732,0.01
201006,-5.57,-2.47,-4.7,-0.16,-1.55,-2.76,2.623007559,2.305830537,0.01
201007,6.93,0.14,-0.33,0.27,1.98,1.88,-1.978210981,-2.344565544,0.01
201008,-4.77,-3.13,-1.93,0.58,-1.61,-0.06,1.178919019,1.637611714,0.01
201009,9.54,3.77,-3.18,-0.18,0.36,1.41,-0.291407404,-1.190062798,0.01
201010,3.88,0.86,-2.51,1.31,-0.33,1.58,0.201636439,2.015107397,0.01
201011,0.6,3.64,-0.92,0.38,1.63,2.66,-0.60298815,-0.519800282,0.01
201012,6.82,0.99,3.76,-3.52,3.21,-3.03,-4.598448055,-0.165227722,0.01
201101,1.99,-2.38,0.75,-0.65,0.77,-0.29,-0.781148484,3.006315963,0.01
201102,3.49,1.65,1.27,-1.93,0.87,1.99,-1.407359905,0.640168581,0.01
201103,0.46,2.63,-1.85,1.8,-0.05,3.4,1.232223582,0.424301383,0.01
201104,2.9,-0.5,-2.49,1.11,-0.86,0.04,1.385041668,0.555069866,0
201105,-1.27,-0.71,-2,1.91,-1.5,-0.62,2.829705628,1.42270306,0
201106,-1.75,0.13,-0.39,2.43,-1.51,1.78,2.724105975,0.413811674,0
201107,-2.35,-1.2,-0.9,2.68,-1.82,0.18,0.675859885,-0.416691906,0
201108,-5.99,-3.2,-2.36,3.3,-0.38,-0.28,6.093352805,0.75867435,0.01
201109,-7.59,-3.65,-1.72,2.04,0.26,-2.42,6.608330055,2.023515278,0
201110,11.35,3.46,0.1,-2.16,-0.86,-1.43,-4.247067562,-5.962537674,0
201111,-0.28,-0.27,-0.45,1.86,1.49,3.84,2.987779158,0.614012759,0
201112,0.74,-0.33,1.63,0.98,2.51,1.81,0.715714812,1.301640647,0
201201,5.05,2.05,-0.97,-2.01,-1.43,-7.91,-3.564327785,0.686836145,0
201202,4.42,-1.7,0.43,-0.48,-0.01,-0.29,-0.921155266,2.572071777,0
201203,3.11,-0.47,1.14,-0.54,0.74,1.3,0.550886017,3.940041571,0
201204,-0.85,-0.55,-0.78,1.3,0.65,3.75,0.420045851,2.900292369,0
201205,-6.19,-0.12,-1.06,2.08,2.32,6.49,3.081335736,2.330399141,0.01
201206,3.89,0.84,0.62,-1.09,0.46,-1.06,-0.708220257,1.070095751,0
201207,0.79,-2.8,-0.02,1.1,0.09,3.04,0.558056932,1.046077582,0
201208,2.55,0.45,1.3,-1.33,-0.86,-2.37,-0.479401562,-0.893224059,0.01
201209,2.73,0.61,1.6,-1.49,1.54,-1.14,-1.169276343,0.762470387,0.01
201210,-1.76,-0.9,3.59,-1.34,2.51,0.14,-2.212455099,1.990969794,0.01
201211,0.78,0.47,-0.84,0.6,0.84,0.49,1.249308313,-1.34293051,0.01
201212,1.18,1.91,3.51,-1.85,0.88,-2.86,-2.603806732,-1.072294895,0.01
201301,5.57,0.47,0.96,-1.93,1.42,-1.79,-2.098561322,4.387068118,0
201302,1.29,-0.25,0.11,-0.67,0.54,1.29,0.555177045,1.885035296,0
201303,4.03,0.86,-0.19,0.14,1.37,1.92,-0.453345684,2.342132183,0
201304,1.55,-2.25,0.45,0.27,0.37,0.22,-1.067107467,1.663132022,0
201305,2.8,2.09,2.63,-1.97,-0.91,-2.02,0.172316168,-1.495710503,0
201306,-1.2,1.56,0.03,-0.38,0.01,0.52,1.297478602,2.073629949,0
201307,5.65,1.8,0.57,-1.35,0.52,1.76,-1.076200906,1.807878297,0
201308,-2.71,-0.06,-2.69,0.66,-2.16,0.02,0.926738144,-0.373530019,0
201309,3.77,2.66,-1.22,-0.58,-1.4,3.06,-0.707150818,0.758835402,0
201310,4.18,-1.51,1.25,2.78,0.92,0.08,1.549719482,2.881957985,0
201311,3.13,1.4,0.32,0.14,0.05,0.44,1.486868708,1.940650587,0
201312,2.81,-0.44,-0.02,-0.46,0.08,0.02,-1.451450064,0.277183779,0
201401,-3.32,0.58,-2.07,-3.88,-1.43,1.71,-3.022052957,2.047957815,0
201402,4.65,0.16,-0.31,-0.23,-0.47,2.07,-0.919576234,-0.187535489,0
201403,0.43,-1.13,4.93,2.13,1.98,-3.29,1.434486517,1.576003297,0
201404,-0.19,-4.14,1.17,3.48,1.04,-3.89,0.222503081,0.206928012,0
201405,2.06,-1.89,-0.13,0.05,-1.01,0.87,0.08003896,1.062356077,0
201406,2.61,3.1,-0.7,-1.89,-1.98,0.69,-1.713802639,-0.384769191,0
201407,-2.04,-4.29,0.03,0.88,0.51,-0.12,1.010614023,1.009432589,0
201408,4.24,0.31,-0.45,-0.63,-0.69,0.82,-0.217967211,1.711386893,0
201409,-1.97,-3.73,-1.34,1.31,-0.49,0.5,3.631839538,2.469988534,0
201410,2.52,3.72,-1.81,-0.55,-0.09,-0.06,4.181066043,2.09245882,0
201411,2.55,-2.28,-3.09,1.5,0.26,0.69,2.830999698,2.356813617,0
201412,-0.06,2.86,2.27,-1.22,0.96,1.12,0.446211877,0.287028537,0
201501,-3.11,-0.91,-3.58,1.6,-1.66,3.84,-1.08330518,2.609356399,0
201502,6.13,0.31,-1.86,-1.1,-1.79,-2.82,0.511809301,-2.074681098,0
201503,-1.12,3.07,-0.37,0.09,-0.51,2.74,0.137919042,1.397997993,0
201504,0.59,-3.06,1.82,0.02,-0.65,-7.27,-1.198868354,-2.167634524,0
201505,1.36,0.82,-1.14,-1.78,-0.72,5.82,0.426045603,2.661352901,0
201506,-1.53,2.89,-0.79,0.45,-1.57,3.01,2.550721271,1.976959921,0
201507,1.54,-4.58,-4.13,0.31,-2.46,9.98,1.738356517,5.497498521,0
201508,-6.04,0.24,2.77,0.69,1.24,-2.09,1.729803692,-1.531244461,0
201509,-3.07,-2.8,0.56,1.8,-0.6,5.22,5.483378772,5.646061378,0
201510,7.75,-2.05,-0.46,0.86,0.55,-3.28,0.109299545,-1.029446215,0
201511,0.56,3.29,-0.42,-2.71,-1.03,2.28,0.779709238,1.33757265,0
201512,-2.17,-2.97,-2.61,0.45,0.03,3.36,1.457752329,2.564936126,0.01
201601,-5.77,-3.48,2.09,2.8,3.07,1.44,7.52110941,0.712479681,0.01
201602,-0.07,0.85,-0.57,3.28,1.99,-4.38,2.194170085,-0.651547697,0.02
201603,6.96,1.08,1.19,0.76,-0.04,-5.01,-2.281109325,-2.515589788,0.02
201604,0.91,1.22,3.28,-2.92,1.86,-6.02,-5.026507118,-2.608074573,0.01
201605,1.78,-0.62,-1.66,-1.07,-2.49,1.42,0.548577803,2.230304221,0.01
201606,-0.05,0.44,-1.48,1.39,1.91,4.13,0.774991875,2.878098116,0.02
201607,3.95,2.49,-1.27,1.25,-1.19,-3.34,-0.0576032,2.309271473,0.02
201608,0.49,1.7,3.13,-1.88,-0.34,-3.49,0.155816531,-1.875318752,0.02
201609,0.25,1.86,-1.23,-2.23,0.03,0.19,-3.123183103,-0.179203711,0.02
201610,-2.02,-4.04,4.12,0.96,0.28,0.6,2.630790444,1.075407305,0.02
201611,4.86,7.04,8.19,-0.21,3.69,-4.62,0.378524241,-1.629969897,0.01
201612,1.81,0.39,3.56,1.23,-0.22,-0.26,1.489552378,3.721621292,0.03
201701,1.94,-1.43,-2.76,-0.5,-0.99,-0.93,-2.431805901,0.042915745,0.04
201702,3.57,-2.21,-1.68,0.45,-1.83,-1.65,1.311961615,1.847719941,0.04
201703,0.17,0.74,-3.32,0.62,-0.94,-1.02,0.828917404,1.301084725,0.03
201704,1.09,0.47,-2.1,1.91,-1.6,0.48,2.34041459,1.99808995,0.05
201705,1.06,-3.03,-3.78,0.95,-1.81,1.48,2.369247118,2.248210664,0.06
201706,0.78,2.57,1.48,-2.25,0.01,-0.09,-1.378640312,-0.081680376,0.06
201707,1.87,-1.66,-0.24,-0.69,-0.11,1.68,-0.779768118,0.113446027,0.07
201708,0.16,-1.83,-2.09,0.15,-2.37,3.26,-0.328311829,-0.2696471,0.09
201709,2.51,4.77,3.12,-1.46,1.67,-1.32,-0.450192004,-0.284170946,0.09
201710,2.25,-1.93,0.21,0.92,-3.24,4.27,2.169682904,0.184805149,0.09
201711,3.12,-0.36,-0.08,3.19,-0.08,-0.87,2.251237063,1.930573652,0.08
201712,1.06,-1.07,0.05,0.75,1.67,-1.54,-1.673169083,0.357313688,0.09
201801,5.57,-3.2,-1.33,-0.73,-1.01,4.05,0.913262457,-0.159467086,0.12
201802,-3.65,0.31,-1.07,0.54,-2.39,3.58,1.722133985,-2.073679455,0.11
201803,-2.35,3.58,-0.23,-0.45,0,-1.13,-0.248495195,2.368707318,0.11
201804,0.28,0.93,0.54,-2.43,1.27,0.36,-1.392317932,-0.054206716,0.14
201805,2.65,4.74,-3.18,-2.05,-1.47,3.89,-0.58131279,0.492619661,0.14
201806,0.48,0.81,-2.33,0.78,0.24,-2.35,0.742328523,2.268113061,0.14
201807,3.19,-1.93,0.47,1.56,0.35,-1.41,1.620665947,-0.532195926,0.16
201808,3.44,0.63,-3.98,-0.3,-2.66,5.29,0.51260945,-1.360811319,0.16
201809,0.06,-2.49,-1.69,0.64,1.3,0.04,0.298527471,-0.765720095,0.15
201810,-7.68,-4.46,3.44,0.94,3.6,-1.99,3.553738543,1.910212013,0.19
201811,1.69,-0.77,0.28,-0.56,0.36,-1.37,2.403279409,-0.263439822,0.18
201812,-9.57,-2.87,-1.85,-0.03,0.22,2.11,1.442073859,-0.232305875,0.2
201901,8.4,3.02,-0.46,-0.78,-1.51,-8.68,-3.657063089,-0.878806111,0.21
201902,3.4,1.74,-2.67,0.12,-1.6,0.86,-0.159430697,-0.179236731,0.18
201903,1.1,-3.5,-4.1,0.9,-0.96,2.21,-0.936592043,0.101237574,0.19
201904,3.97,-1.17,2.14,1.62,-2.2,-2.97,2.283258484,-0.34247124,0.21
201905,-6.94,-1.58,-2.35,-0.47,1.76,7.56,-0.518716618,4.048673425,0.21
201906,6.93,0.36,-0.72,0.91,-0.43,-2.3,0.027035178,-0.243431036,0.18
201907,1.19,-1.78,0.47,-0.07,0.37,2.89,1.921994857,1.950222861,0.19
201908,-2.58,-3.23,-4.77,0.55,-0.69,6.92,1.149213469,2.233025,0.16
201909,1.43,0.27,6.74,1.84,3.36,-6.81,1.918925551,-1.30574141,0.18
201910,2.06,0.27,-1.92,0.44,-0.96,0.15,0.118158718,-0.588056936,0.16
201911,3.87,0.45,-2,-1.6,-1.25,-2.66,-1.681107764,-2.939995413,0.12
201912,2.77,0.97,1.77,0,1.23,-1.77,-2.279562936,-0.429644008,0.14
202001,-0.11,-4.38,-6.23,-1.17,-2.32,5.98,-2.049053463,4.048288919,0.13
202002,-8.13,0.04,-3.79,-1.47,-2.51,-0.4,-1.192357582,-3.818096888,0.12
202003,-13.39,-8.3,-13.95,-1.52,1.26,7.97,4.902667508,-9.733719845,0.13
202004,13.65,2.58,-1.26,2.71,-1.01,-5.23,-3.15616377,-1.72817805,0
202005,5.58,1.97,-4.89,0.96,-3.25,0.43,-2.569794541,4.442531213,0.01
202006,2.46,1.97,-2.17,0.09,0.53,-0.73,-1.480215887,5.064743796,0.01
202007,5.77,-3.2,-1.37,0.4,0.96,7.61,0.169645827,6.449783154,0.01
202008,7.63,-0.89,-2.96,4.26,-1.2,0.55,0.377833774,-3.958030959,0.01
202009,-3.63,0.01,-2.68,-1.39,-1.89,3.12,0.391339503,1.293154628,0.01
202010,-2.1,4.64,4.22,-0.75,-0.76,-3.05,0.801503197,-1.997706515,0.01
202011,12.47,7.12,2.13,-2.2,1.37,-12.43,-8.840341092,-5.093892581,0.01
202012,4.63,4.79,-1.5,-1.99,-0.11,-2.32,-1.06898737,5.300003895,0.01
202101,-0.03,6.92,2.97,-3.81,4.9,4.5,-4.654679344,10.71970153,0.01
202102,2.78,4.53,7.17,0.31,-1.94,-7.89,0.489199582,-1.964808626,0
202103,3.08,-0.86,7.39,6.47,3.41,-6.14,4.861165885,-3.019317166,0
202104,4.93,-3.15,-0.95,2.49,-2.69,1.16,1.759583083,0.312771596,0
202105,0.29,1.23,7.09,2.53,3.01,0.88,1.811204567,-0.727197725,0
202106,2.75,-0.34,-7.83,-2.18,-0.95,2.2,-2.508328235,0.250187363,0
202107,1.27,-4.63,-1.78,5.5,-0.52,-2.25,6.697448048,3.76604189,0
202108,2.91,-0.68,-0.15,-0.3,-1.79,2.51,-0.359611599,0.386607364,0
202109,-4.37,1.13,5.09,-1.9,2.11,1.49,-1.558201043,-2.265515604,0
202110,6.65,-2.7,-0.49,1.69,-1.45,3.19,2.044057402,1.30756023,0
202111,-1.55,-1.77,-0.45,7.22,1.72,0.9,5.071680256,0.553956743,0
202112,3.1,-0.77,3.26,4.92,4.4,-2.6,4.933062158,3.529848709,0.01
202201,-6.25,-4.04,12.75,0.87,7.74,-2.52,2.888532206,-0.391987339,0
202202,-2.29,2.94,3.08,-2.08,3.12,1.76,-2.452595598,-2.051666248,0
202203,3.05,-2.16,-1.8,-1.56,3.14,3.01,-0.11454023,1.991164693,0.01
202204,-9.46,-0.41,6.17,3.63,5.89,4.87,5.00835513,1.510808479,0.01
202205,-0.34,-0.05,8.39,1.44,3.97,2.46,3.349446259,0.050462916,0.03
202206,-8.43,1.31,-5.98,1.86,-4.7,0.77,4.847803068,1.986487674,0.06
202207,9.57,1.86,-4.1,0.68,-6.92,-3.94,-3.491017621,-2.535720189,0.08
202208,-3.77,1.49,0.3,-4.78,1.3,1.99,-3.818206952,-2.022415329,0.19
202209,-9.35,-0.97,0.06,-1.51,-0.84,3.47,4.216587772,-1.34433194,0.19
202210,7.83,1.86,8.05,3.07,6.52,3.87,3.434038723,1.845946084,0.23
202211,4.6,-2.67,1.38,6.01,3.11,-2.01,4.380630318,0.362763367,0.29
202212,-6.41,-0.16,1.32,0.09,4.19,4.52,2.743900225,-0.855602459,0.33
202301,6.65,4.43,-4.08,-2.61,-4.52,-15.98,-8.049883464,-4.846156372,0.35
